"UID","Name","DOI","Citation","Rights","More Information","Data generalisations","Information withheld","Download limit","Number of Records in Download"
"dr19813","FeralScan","10.15468/hng4x6","Records provided by FeralScan, accessed through ALA website.","Creative Commons Attribution-Noncommercial (International) (CC-BY-NC 4.0 (Int))","For more information: https://collections.ala.org.au/public/show/dr19813","Feral goat 10km
Feral pigs 10km
Feral deer 10km
Feral Cat 1km","","","2364"
"dp34","Department of Planning, Industry and Environment representing the State of New South Wales","","Records provided by Department of Planning, Industry and Environment representing the State of New South Wales, accessed through ALA website.","","For more information: https://collections.ala.org.au/public/show/dp34","","","","4"
"dp32","South Australia, Department for Environment and Water","","Records provided by South Australia, Department for Environment and Water, accessed through ALA website.","","For more information: https://collections.ala.org.au/public/show/dp32","","","","4"
"dp42","Global Biodiversity Information Facility","","Records provided by Global Biodiversity Information Facility, accessed through ALA website.","","For more information: https://collections.ala.org.au/public/show/dp42","","","","1"
"dp20","OZCAM (Online Zoological Collections of Australian Museums) Provider","","Records provided by OZCAM (Online Zoological Collections of Australian Museums) Provider, accessed through ALA website.","","For more information: https://collections.ala.org.au/public/show/dp20","","","","18"
"dp52","Questagame","","Records provided by Questagame, accessed through ALA website.","","For more information: https://collections.ala.org.au/public/show/dp52","","","","6"
"co150","Queensland Museum Mammals","","Records provided by Queensland Museum Mammals, accessed through ALA website.","","For more information: https://collections.ala.org.au/public/show/co150","","","","18"
"dr2592","Logan City Council Species Sightings","10.15468/pxqupc","Records provided by Logan City Council Species Sightings, accessed through ALA website.","Creative Commons Attribution (International) (CC-BY 4.0 (Int)) Logan City Council, Queensland","For more information: https://collections.ala.org.au/public/show/dr2592","","","","8"
"dr22510","Observation.org, Nature data from around the World","10.15468/5nilie","Observation.org (2024). Observation.org, Nature data from around the World. Occurrence dataset https://doi.org/10.15468/5nilie accessed via GBIF.org on 2024-12-19.","CC BY-NC","For more information: https://collections.ala.org.au/public/show/dr22510","","","","1"
"dr1132","WildNet - Queensland Wildlife Data","10.15468/lxgoyb","The State of Queensland DETSI (2025) WildNet.","Creative Commons Attribution (International) (CC-BY 4.0 (Int))","For more information: https://collections.ala.org.au/public/show/dr1132","","Data not approved for public release","","581"
"dp5210","FeralScan","","Records provided by FeralScan, accessed through ALA website.","","For more information: https://collections.ala.org.au/public/show/dp5210","","","","2364"
"dr344","Queensland Museum provider for OZCAM","10.15468/lotsye","Queensland Museum, http://www.qm.qld.gov.au/","CC-BY","For more information: https://collections.ala.org.au/public/show/dr344","","","","18"
"dr365","SA Fauna","10.15468/xsderl","© Crown in right of the State of South Australia, Department of Environment, Water and Natural Resources.","Creative Commons Attribution (International) (CC-BY 4.0 (Int))","For more information: https://collections.ala.org.au/public/show/dr365","- Data is supplied to ALA as held on BDBSA.
- Copies of third party datasets held by DEW are not available through SAFlora and SAFauna in ALA. 
- Information about BDBSA datasets is available through the DEW website ( http://apps.environment.sa.gov.au/emap/envmaps-query.do?cmd=su.SurveySummaryMain )","- DEW provides advice as required on restrictions to sensitive records.
- DEW perform standard filtering of BDBSA data prior to release. These standard filters include records considered questionable due to location or taxonomic issues and sub fossil records","","4"
"dr368","NSW BioNet Atlas","10.15468/14jd9g","BioNet Species Sightings occurrence data held by the NSW Office of Environment and Heritage (OEH).   The BioNet repository holds data from a number of sources and custodians. (Accessed through ALA Data Portal,<Date of Access>).","Creative Commons Attribution (International) (CC-BY 4.0 (Int))","For more information: https://collections.ala.org.au/public/show/dr368","","","","4"
"dr1411","iNaturalist Australia","","iNaturalist.org: iNaturalist Research-grade Observations. doi:10.15468/ab3s5x
Accessed via http://www.gbif.org/dataset/50c9509d-22c7-4a22-a47d-8c48425ef4a7 on 2017-03-16","","For more information: https://collections.ala.org.au/public/show/dr1411","","","","341"
"dr364","ALA species sightings and OzAtlas","10.15468/jayxmn","Individual sighting: Atlas of Living Australia (2025) Individual sighting dataset
Test sighting: Atlas of Living Australia (2025) Test sighting dataset
","CC-BY","For more information: https://collections.ala.org.au/public/show/dr364","","","","8"
"in15","Queensland Museum","","Records provided by Queensland Museum, accessed through ALA website.","","For more information: https://collections.ala.org.au/public/show/in15","","","","18"
"dr1902","Earth Guardians Weekly Feed","10.15468/slqqt8","Records provided by Earth Guardians Weekly Feed, accessed through ALA website.","Creative Commons Attribution-Noncommercial (International) (CC-BY-NC 4.0 (Int))","For more information: https://collections.ala.org.au/public/show/dr1902","","","","6"
"dr746","Arthur Chapman Observations","10.15468/nh6xae","Arthur D. Chapman, March 2012","CC-BY-NC","For more information: https://collections.ala.org.au/public/show/dr746","","","","3"
